hardware_id,quantity_per_head,axis_or_location,hardware_function,proposed_material,thread_bearing_part,ceramic_thread_count,access_and_capture,venting_and_load_path,reuse_or_sacrifice,status,evidence_or_gate
D30D-P01_to_P04,4,"support posts at x/y=+/-9.00; +Z attachment","feedthrough datum to flat folded bracket","CP-Ti Grade 4 or qualified nonmagnetic UHV equivalent","replaceable external vented Ti nut plate or exact qualified feedthrough interface",0,"straight top/lower access; exact lower interface open","through-hole post; feedthrough datum -> post -> planar bracket arm","reuse posts after dimensional and particle inspection; replace damaged screw/nut",HOLD - DO NOT FABRICATE,G30D-06 exact mated datum and hardware
D30D-X1,1,"X face; +X driver; lower face edge","retain X cartridge against three coined hard-stop lands","CP-Ti screw proposed","one open captive CP-Ti nut plate behind X sheet face",0,"single head from +X; nut plate accessible from open lower/interior edge","head -> hook clamp -> ceramic guard hard stops -> folded Ti face -> base/posts; no electrical joint in load path","screw/nut replaceable; clamp and cartridge reusable after proof inspection",HOLD - DO NOT ORDER,G30D-04/G30D-05
D30D-Y1,1,"Y face; +Y driver; lower face edge","retain Y cartridge against three coined hard-stop lands","CP-Ti screw proposed","one open captive CP-Ti nut plate behind Y sheet face",0,"single head from +Y; nut plate accessible from open lower/interior edge","head -> hook clamp -> ceramic guard hard stops -> folded Ti face -> base/posts; no electrical joint in load path","screw/nut replaceable; clamp and cartridge reusable after proof inspection",HOLD - DO NOT ORDER,G30D-04/G30D-05
D30D-Z1,1,"Z face; +Z driver; negative-Y edge","retain Z cartridge against three coined hard-stop lands","CP-Ti screw proposed","one open captive CP-Ti nut plate below flat base",0,"single head from +Z; nut slides from open -Y edge before positive lance capture","head -> hook clamp -> ceramic guard hard stops -> folded Ti base -> posts; no electrical joint in load path","screw/nut replaceable; clamp and cartridge reusable after proof inspection",HOLD - DO NOT ORDER,G30D-04/G30D-05
D30D-H01_to_H06,6,"two integral hooks on each X/Y/Z clamp","anti-rotation and positive capture opposite the single face screw","CP-Ti clamp blank integral tabs","none",0,"open-edge slots; slide about 0.8 mm to disengage after screw removal","hook rear lips react clamp load into Ti sheet; exact keyhole lead-in remains open and vented","clamp reused only after hook crack/set/particle inspection",HOLD - DO NOT FABRICATE,G30D-04 hook FEA/coupon/service test
D30D-N01_to_N03,3,"one behind each face screw","react clamp screw and remain positively retained during service","CP-Ti vented nut plate","nut plate internal thread; no ceramic thread",0,"open edge insertion; integral formed bracket lance prevents dropout but carries no clamp load","open slot and through screw avoid blind volume; nut face reacts directly on Ti sheet","nut plate replaceable; retaining lance inspected every service",HOLD - DO NOT FABRICATE,G30D-05 lance/galling/particle/drop test
D30D-CF01_to_CF03,3,"one open windowed clamp per X/Y/Z face","apply compliant perimeter retention while leaving active window open","CP-Ti Grade 4 formed/stress-relieved proposal","none in flexure",0,"remove one screw then slide/unhook; straight normal cartridge withdrawal","two hooks plus screw close force through guard hard stops to Ti bracket","reuse only after hot free-height/force and hook inspection",HOLD - DO NOT FABRICATE,G30D-04 exact spring geometry/preload
D30D-SR01_to_SR03,3,"three 3.80-mm branch exits at base notches","independent strain relief for each four-conductor branch","CP-Ti clip plus qualified ceramic comb and Ti hardware","external replaceable vented Ti nut plate",0,"open top/edge access; no hidden clip screw","pigtail -> ceramic comb/clip -> folded bracket; no force through fanout or bonds","clip/comb reusable after inspection; hardware replaceable",HOLD - DO NOT FABRICATE,G30D-06 cable/comb/clip detail
D30D-CERAMIC_TOTAL,0,"all ceramic parts","thread-bearing ceramic parts","not applicable","none",0,"not applicable","zero tapped/internal ceramic threads and zero bonded inserts","not applicable",PASS DESIGN RULE,AGENTS.md
